엑토 레트로 무소음 인체공학 손목보호 USB 무선 버티컬 마우스 ONMSC-01,24900,4.79,672
앱코 WM600,25000,4.76,220
로이체 스마트 스크롤 하프 버티컬 인체공학 멀티페어링 무선 마우스 RX-900S,59900,4.72,837
로지텍 로지텍G G309 무선 게이밍 마우스,86100,4.92,501
마이크로소프트 서피스 Arc 아크 블루투스 마우스 무선마우스,78600,4.72,1648
로지텍 MX MASTER 3S (벌크),102240,4.73,533
로지텍 로지텍G G903 HERO WIRELESS,103390,4.84,614
DAREU A950 유무선 게이밍마우스,44910,4.89,1718
샤오미 Mi 듀얼 모드 무소음 무선 마우스,14800,4.8,1749
Apple 매직 마우스 2 실버 (MK2E3KH/A),80100,4.89,1010
앱코 저소음 3MODE 무선 마우스 APM01,12900,4.85,816
RAZER Viper V2 PRO,129700,4.94,1040
해외VXE R1 PRO MAX 잠자리 마우스 초경량 무선 게이밍 PAW3395 SE,37900,4.72,61
로지텍무선마우스 G304 LIGHTSPEED 무선게이밍마우스 롤 배그 스타 PC 병행,43000,4.87,11
삼성전자 삼성 SM-M1700Q,23900,4.8,336
로지텍 MX MASTER 3S FOR MAC,119080,4.81,1050
삼성전자 삼성 SPA-KMA4PRB 무소음 무선 마우스,17890,4.8,2923
로지텍 로지텍G PRO X SUPERLIGHT,123430,4.89,4447
[정품2년보증] 로지텍 지슈라2 지프로 슈퍼라이트2 2세대 GPROXSUPERLIGHT2,199000,4.95,2092
로지텍 로지텍G G705 오로라 컬렉션,95040,4.89,889
로지텍코리아 로지텍 MX Master 3S 무선마우스,139000,4.87,6062
로지텍코리아 버티컬 마우스 LIFT,79000,4.88,11
로지텍 로지텍G G502 X LIGHTSPEED,116090,4.87,1724
TOGRAN DAREU A950G 1K,45000,4.93,2601
로지텍 M185 Wireless Mouse,9230,4.8,1138
지클릭커 쓸떼많은 다쿠아즈 무소음 무선 블루투스 마우스,14900,4.73,998
로지텍 G304 LIGHTSPEED 게이밍마우스 무선 벌크,34900,4.69,363
로지텍G G304 LIGHTSPEED 무선 마우스 블랙 병행 밀봉박스상품,41490,4.88,1255
로지텍코리아 로지텍G G304 LIGHTSPEED 게이밍마우스 2년보증 (블랙 /화이트/라일락/블루/민트),59900,4.89,8583
앱코 WEM60 무선 블루투스 버티컬 마우스 화이트,25900,4.8,156
로지텍코리아 로지텍 MX ANYWHERE 3S 무소음 무선마우스,99900,4.86,1606
삼성전자 삼성 SPA-NMA1PMB,26000,4.77,2370
로지텍코리아 로지텍 G PRO X SUPERLIGHT 2 무선 게이밍 마우스,199000,4.92,1369
로지텍 G304 무선 게이밍 마우스 병행,39900,5.0,2
로지텍 M331 무선 USB 저소음 마우스 / 정품박스 / 병행수입정품,22400,4.87,11
마이크로소프트 블루투스 5.0 마우스,18700,4.68,2417
WLMouse Beast X Mini 초경량 34g 무선 게이밍마우스 4K/8K 짐승마우스 펀키스 국내 정품,198000,4.88,123
로지텍 M221 무소음,15690,4.83,6352
로지텍 페블 M350 마우스 (벌크),16900,4.79,2456
4,4
