[마우스패드] 삼성전자 정품 무소음 무선 마우스 PAD 패키지,16000,4.85,652
삼성 무선마우스 블루투스마우스 무소음마우스 인체공학 노트북 태블릿 휴대용 사무용 아이패드,22900,4.83,1378
스틸시리즈 Aerox 3 게이밍 무선 마우스,149000,4.84,44
쿠로미 저소음 무선마우스,21000,5.0,1
로지텍G G304 무선게이밍마우스 맥북 맥 그램 노트북 갤럭시탭 서든 롤 배그 병행 +패드,41900,4.87,1822
[로지텍코리아] M331 무소음 무선 마우스,24900,4.85,17
무선마우스 로지텍정품 페블 M350 무소음 마우스 블루투스마우스 아이패드 맥 노트북 병행,21500,4.86,11
레이저코리아 바이퍼 v3 프로 무선 게이밍 마우스 블랙 하이퍼폴링 8K 동글 54G 바브삼,239000,4.94,428
샤오미 무선 마우스 블루투스 무선 무소음 사무용,14800,4.78,1952
제닉스크리에이티브 TITAN GX AIR WIRELESS,31150,4.67,2024
삼성 무선마우스 무소음 블루투스 마우스 멀티페어링 사무용 고속휠 인체공학 마우스,33900,4.83,516
LAMZU 람주 마야 엑스 MaYa X 무선 게이밍 마우스 Wireless 8K,162000,4.8,15
로지텍 LIFT FOR MAC,69490,4.82,735
"[로지텍] 무선 게이밍 HERO마우스, G703 HERO Wireless [로지텍코리아정품] [블랙]",70000,4.9,461
람주 아틀란티스 미니 무선 게이밍 마우스,124900,4.92,920
앱코 H150A 게이밍마우스,59000,4.9,703
RAZER DeathAdder V2 X HyperSpeed,53000,4.87,439
앱코 WM600,25000,4.76,220
지클릭커 오피스 프로 버티컬 도톰쉬폰 인체공학 블루투스 무선 마우스 OP50 그레이,19800,4.83,29
닌젓소 소라 V2 초경량 39g 무선 게이밍 마우스,139000,4.63,19
로지텍코리아 로지텍G G502 X PLUS 무선 게이밍 마우스,229000,4.89,1219
벤큐 조위 e스포츠 무선 게이밍 마우스 U2,189460,4.92,158
지클릭커 휠마스터 M 틸트 스크롤 블루투스 무선 마우스 OP03,29900,3.0,1
로지텍 지슈라 GPROXSUPERLIGHT 지프로 슈퍼라이트 게이밍 마우스 병행 +패드,133900,4.8,88
WLMouse Beast X 8K 초경량 39g 무선 게이밍마우스 짐승마우스 펀키스 국내 정품,218000,4.97,70
제닉스크리에이티브 TITAN GV AIR 게이밍 마우스,49900,4.83,962
삼성 무소음 무선 마우스 SPA-NMA1PMB 멀티마우스 2.4GHz 블루투스 5.0,26000,4.79,2341
마이크로소프트 Sculpt Ergonomic Mouse,54620,4.76,5275
로지텍 M720 Triathlon (벌크),34060,4.74,1454
두들잇 애플 맥북 매직 마우스 2 그립 홀더(맥세이프 무선 충전 베이스 케이스),18900,4.65,799
로이체 스마트 스크롤 하프 버티컬 인체공학 멀티페어링 무선 마우스 RX-900S,59900,4.72,837
ROCCAT 로캣 Pure Air 퓨어 에어 게이밍마우스,107100,4.88,497
펄사 Xlite V3 라지 무선 게이밍 마우스,83300,4.93,83
다얼유 A950G 4K 유무선 게이밍마우스 초경량,55000,4.92,2714
다얼유 A950 유무선 게이밍마우스 충전독 세트,46000,4.89,1566
LG 그램 무선마우스 (HDNC-SV-C2),16000,4.67,60
[로지텍 정품] 로지텍GPRO 지프로무선 로지텍지프로 GPROWIRELESS 병행,149000,4.91,542
마이크로소프트 Wireless Mobile Mouse 1850,16240,4.84,914
지클릭커 오피스프로 휠마스터 무소음 무선 마우스 그린,39800,4.78,27
해외RAZER DeathAdder V3 Pro,28550,4.8,25
4,4
